"town_name","acute_time","acute_care_transit_location","acute_care_centre"
"Boigu Island",493,"Thursday Island Hospital","Townsville University Hospital"
"Saibai Island",491,"Thursday Island Hospital","Townsville University Hospital"
"Erub (Darnley) Island",527,"Thursday Island Hospital","Townsville University Hospital"
"Yorke Island",503,"Thursday Island Hospital","Townsville University Hospital"
"Iama (Yam) Island",466,"Thursday Island Hospital","Townsville University Hospital"
"Mer (Murray) Island",534,"Thursday Island Hospital","Townsville University Hospital"
"Mabuiag Island",449,"Thursday Island Hospital","Townsville University Hospital"
"Badu Island",440,"Thursday Island Hospital","Townsville University Hospital"
"St Pauls",436,"Thursday Island Hospital","Townsville University Hospital"
"Warraber Island",456,"Thursday Island Hospital","Townsville University Hospital"
"Hammond Island",411,"Thursday Island Hospital","Townsville University Hospital"
"Thursday Island",324,"Thursday Island Hospital","Townsville University Hospital"
"Horn Island",414,"Thursday Island Hospital","Townsville University Hospital"
"Seisia",447,"Bamaga Hospital","Townsville University Hospital"
"New Mapoon",447,"Bamaga Hospital","Townsville University Hospital"
"Umagico",447,"Bamaga Hospital","Townsville University Hospital"
"Bamaga",447,"Bamaga Hospital","Townsville University Hospital"
"Injinoo",447,"Bamaga Hospital","Townsville University Hospital"
"Mapoon",429,"Mapoon Primary Health Centre","Townsville University Hospital"
"Weipa",411,"Weipa Hospital","Townsville University Hospital"
"Napranum",411,"Weipa Hospital","Townsville University Hospital"
"Lockhart River",387,"Lockhart River Primary Health Centre","Townsville University Hospital"
"Aurukun",399,"Aurukun Primary Health Centre","Townsville University Hospital"
"Coen",375,"Coen Primary Health Centre","Townsville University Hospital"
"Pormpuraaw",381,"Pormpuraaw Primary Health Centre","Townsville University Hospital"
"Hope Vale",258,"Hope Vale Primary Health Centre","Townsville University Hospital"
"Cooktown",245,"Cooktown Hospital","Townsville University Hospital"
"Kowanyama",369,"Kowanyama Primary Health Centre","Townsville University Hospital"
"Wujal Wujal",222,"Wujal Wujal Primary Health Centre","Townsville University Hospital"
"Daintree",214,"Mossman Hospital","Townsville University Hospital"
"Wonga Beach",202,"Mossman Hospital","Townsville University Hospital"
"Newell",197,"Mossman Hospital","Townsville University Hospital"
"Cooya Beach",197,"Mossman Hospital","Townsville University Hospital"
"Mossman",197,"Mossman Hospital","Townsville University Hospital"
"Port Douglas",197,"Mossman Hospital","Townsville University Hospital"
"Craiglie",226,"Cairns Hospital","Townsville University Hospital"
"Oak Beach",217,"Cairns Hospital","Townsville University Hospital"
"Gununa",387,"Mornington Island Hospital","Townsville University Hospital"
"Kuranda",201,"Cairns Hospital","Townsville University Hospital"
"Yarrabah",170,"Yarrabah Hospital","Townsville University Hospital"
"Cairns",172,"Cairns Hospital","Townsville University Hospital"
"Mareeba",178,"Mareeba Hospital","Townsville University Hospital"
"Mareeba - South",178,"Mareeba Hospital","Townsville University Hospital"
"Gordonvale",195,"Cairns Hospital","Townsville University Hospital"
"Goldsborough",201,"Cairns Hospital","Townsville University Hospital"
"Dimbulah",188,"Townsville University Hospital","Townsville University Hospital"
"Chillagoe",202,"Chillagoe Primary Health Centre","Townsville University Hospital"
"Walkamin",182,"Mareeba Hospital","Townsville University Hospital"
"Tinaroo",181,"Atherton Hospital","Townsville University Hospital"
"Tolga - West",176,"Atherton Hospital","Townsville University Hospital"
"Tolga",175,"Atherton Hospital","Townsville University Hospital"
"Atherton",175,"Atherton Hospital","Townsville University Hospital"
"Yungaburra",177,"Atherton Hospital","Townsville University Hospital"
"Babinda",218,"Cairns Hospital","Townsville University Hospital"
"Bramston Beach",177,"Babinda Hospital","Townsville University Hospital"
"Malanda",175,"Atherton Hospital","Townsville University Hospital"
"Herberton",186,"Herberton Hospital","Townsville University Hospital"
"Mirriwinni",222,"Cairns Hospital","Townsville University Hospital"
"Tarzali",175,"Atherton Hospital","Townsville University Hospital"
"Karumba",351,"Normanton Hospital","Townsville University Hospital"
"Flying Fish Point",168,"Innisfail Hospital","Townsville University Hospital"
"Coconuts",168,"Innisfail Hospital","Townsville University Hospital"
"Millaa Millaa",175,"Atherton Hospital","Townsville University Hospital"
"Belvedere",168,"Innisfail Hospital","Townsville University Hospital"
"Innisfail",168,"Innisfail Hospital","Townsville University Hospital"
"Wangan",168,"Innisfail Hospital","Townsville University Hospital"
"Mourilyan",168,"Innisfail Hospital","Townsville University Hospital"
"South Johnstone",168,"Innisfail Hospital","Townsville University Hospital"
"Ravenshoe",175,"Atherton Hospital","Townsville University Hospital"
"Normanton",351,"Normanton Hospital","Townsville University Hospital"
"Mount Garnet",187,"Townsville University Hospital","Townsville University Hospital"
"Burketown",363,"Burketown Primary Health Centre","Townsville University Hospital"
"Silkwood",168,"Innisfail Hospital","Townsville University Hospital"
"Kurrimine",168,"Innisfail Hospital","Townsville University Hospital"
"El Arish",183,"Tully Hospital","Townsville University Hospital"
"Bingil Bay",186,"Tully Hospital","Townsville University Hospital"
"Mission Beach",183,"Tully Hospital","Townsville University Hospital"
"Wongaling Beach",183,"Tully Hospital","Townsville University Hospital"
"Tully",183,"Tully Hospital","Townsville University Hospital"
"Doomadgee",375,"Doomadgee Hospital","Townsville University Hospital"
"South Mission Beach",183,"Tully Hospital","Townsville University Hospital"
"Carmoo",183,"Tully Hospital","Townsville University Hospital"
"Tully Heads",192,"Tully Hospital","Townsville University Hospital"
"Croydon",333,"Croydon Primary Health Centre","Townsville University Hospital"
"Cardwell",141,"Ingham Hospital","Townsville University Hospital"
"Georgetown",309,"Georgetown Primary Health Centre","Townsville University Hospital"
"Lucinda",141,"Ingham Hospital","Townsville University Hospital"
"Halifax",141,"Ingham Hospital","Townsville University Hospital"
"Macknade",141,"Ingham Hospital","Townsville University Hospital"
"Taylors Beach",141,"Ingham Hospital","Townsville University Hospital"
"Trebonne",141,"Ingham Hospital","Townsville University Hospital"
"Ingham",141,"Ingham Hospital","Townsville University Hospital"
"Allingham",143,"Ingham Hospital","Townsville University Hospital"
"Palm Island",130,"Palm Island Hospital","Townsville University Hospital"
"Balgal Beach",71,"Townsville University Hospital","Townsville University Hospital"
"Horseshoe Bay",111,"Townsville University Hospital","Townsville University Hospital"
"Toolakea",45,"Townsville University Hospital","Townsville University Hospital"
"Arcadia Bay",109,"Townsville University Hospital","Townsville University Hospital"
"Nelly Bay",108,"Townsville University Hospital","Townsville University Hospital"
"Saunders Beach",40,"Townsville University Hospital","Townsville University Hospital"
"Bluewater",39,"Townsville University Hospital","Townsville University Hospital"
"Picnic Bay",107,"Townsville University Hospital","Townsville University Hospital"
"Yabulu",36,"Townsville University Hospital","Townsville University Hospital"
"Pallarenda",36,"Townsville University Hospital","Townsville University Hospital"
"Bluewater Park",45,"Townsville University Hospital","Townsville University Hospital"
"Black River",32,"Townsville University Hospital","Townsville University Hospital"
"Townsville",30,"Townsville University Hospital","Townsville University Hospital"
"Rangewood",29,"Townsville University Hospital","Townsville University Hospital"
"Alice River",33,"Townsville University Hospital","Townsville University Hospital"
"Nome",43,"Townsville University Hospital","Townsville University Hospital"
"Cungulla",65,"Townsville University Hospital","Townsville University Hospital"
"Alligator Creek",52,"Townsville University Hospital","Townsville University Hospital"
"Alva Beach",144,"Townsville University Hospital","Townsville University Hospital"
"Giru",55,"Townsville University Hospital","Townsville University Hospital"
"Kalamia Estate",136,"Ayr Hospital","Townsville University Hospital"
"Brandon",136,"Ayr Hospital","Townsville University Hospital"
"Ayr",136,"Ayr Hospital","Townsville University Hospital"
"Home Hill",136,"Ayr Hospital","Townsville University Hospital"
"Camooweal",363,"Camooweal Primary Health Centre","Townsville University Hospital"
"Bowen",183,"Bowen Hospital","Townsville University Hospital"
"Merinda",183,"Bowen Hospital","Townsville University Hospital"
"Charters Towers",152,"Charters Towers Hospital","Townsville University Hospital"
"Hideaway Bay - Dingo Beach",214,"Proserpine Hospital","Townsville University Hospital"
"Ravenswood",190,"Townsville University Hospital","Townsville University Hospital"
"Airlie Beach",196,"Proserpine Hospital","Townsville University Hospital"
"Cannonvale",196,"Proserpine Hospital","Townsville University Hospital"
"Hamilton Island",203,"Townsville University Hospital","Townsville University Hospital"
"Mount Julian",196,"Proserpine Hospital","Townsville University Hospital"
"Proserpine",196,"Proserpine Hospital","Townsville University Hospital"
"Collinsville",186,"Collinsville Hospital","Townsville University Hospital"
"Scottville",186,"Collinsville Hospital","Townsville University Hospital"
"Midge Point",283,"Mackay Hospital","Townsville University Hospital"
"Julia Creek",327,"Julia Creek Hospital","Townsville University Hospital"
"Cloncurry",327,"Cloncurry Hospital","Townsville University Hospital"
"Mount Isa",321,"Mount Isa Hospital","Townsville University Hospital"
"Richmond",321,"Richmond Hospital","Townsville University Hospital"
"Hughenden",303,"Hughenden Hospital","Townsville University Hospital"
"Seaforth",234,"Mackay Hospital","Townsville University Hospital"
"Calen",236,"Mackay Hospital","Townsville University Hospital"
"Haliday Bay - Ball Bay",234,"Mackay Hospital","Townsville University Hospital"
"Killarney",149,"Warwick Hospital","Brisbane (PAH/RBWH)"
"Nindaroo",214,"Mackay Hospital","Townsville University Hospital"
"Farleigh",208,"Mackay Hospital","Townsville University Hospital"
"Erakala",207,"Mackay Hospital","Townsville University Hospital"
"Finch Hatton",244,"Mackay Hospital","Townsville University Hospital"
"Marian",218,"Mackay Hospital","Townsville University Hospital"
"Mackay",201,"Mackay Hospital","Townsville University Hospital"
"Mirani",225,"Mackay Hospital","Townsville University Hospital"
"Walkerston",212,"Mackay Hospital","Townsville University Hospital"
"Bakers Creek",208,"Mackay Hospital","Townsville University Hospital"
"Eton",221,"Mackay Hospital","Townsville University Hospital"
"Hay Point",236,"Mackay Hospital","Townsville University Hospital"
"Glenden",213,"Townsville University Hospital","Townsville University Hospital"
"Grasstree Beach",233,"Mackay Hospital","Townsville University Hospital"
"Campwin Beach",232,"Mackay Hospital","Townsville University Hospital"
"Sarina Beach",231,"Mackay Hospital","Townsville University Hospital"
"Sarina",225,"Mackay Hospital","Townsville University Hospital"
"Armstrong Beach",235,"Mackay Hospital","Townsville University Hospital"
"Nebo",261,"Mackay Hospital","Townsville University Hospital"
"Moranbah",243,"Moranbah Hospital","Townsville University Hospital"
"Winton",351,"Winton Hospital","Townsville University Hospital"
"Dysart",274,"Dysart Hospital","Townsville University Hospital"
"Middlemount",274,"Dysart Hospital","Townsville University Hospital"
"Clermont",293,"Clermont Hospital","Townsville University Hospital"
"Byfield",381,"Rockhampton Hospital","Brisbane (PAH/RBWH)"
"Boulia",357,"Boulia Primary Health Centre","Townsville University Hospital"
"Aramac",381,"Barcaldine Hospital","Brisbane (PAH/RBWH)"
"Tieri",369,"Rockhampton Hospital","Brisbane (PAH/RBWH)"
"Capella",345,"Emerald Hospital","Brisbane (PAH/RBWH)"
"Yeppoon",339,"Rockhampton Hospital","Brisbane (PAH/RBWH)"
"The Caves",332,"Rockhampton Hospital","Brisbane (PAH/RBWH)"
"Mulambin",346,"Rockhampton Hospital","Brisbane (PAH/RBWH)"
"Kinka Beach",338,"Rockhampton Hospital","Brisbane (PAH/RBWH)"
"Glendale",328,"Rockhampton Hospital","Brisbane (PAH/RBWH)"
"Emu Park",339,"Rockhampton Hospital","Brisbane (PAH/RBWH)"
"Keppel Sands",346,"Rockhampton Hospital","Brisbane (PAH/RBWH)"
"Rockhampton",305,"Rockhampton Hospital","Brisbane (PAH/RBWH)"
"Rubyvale",345,"Emerald Hospital","Brisbane (PAH/RBWH)"
"Gracemere",315,"Rockhampton Hospital","Brisbane (PAH/RBWH)"
"Longreach",399,"Longreach Hospital","Brisbane (PAH/RBWH)"
"Sapphire",345,"Emerald Hospital","Brisbane (PAH/RBWH)"
"Emerald",345,"Emerald Hospital","Brisbane (PAH/RBWH)"
"Barcaldine",381,"Barcaldine Hospital","Brisbane (PAH/RBWH)"
"Blackwater",345,"Blackwater Hospital","Brisbane (PAH/RBWH)"
"Bouldercombe",325,"Rockhampton Hospital","Brisbane (PAH/RBWH)"
"Bluff",350,"Blackwater Hospital","Brisbane (PAH/RBWH)"
"Mount Morgan",336,"Rockhampton Hospital","Brisbane (PAH/RBWH)"
"Dingo",359,"Blackwater Hospital","Brisbane (PAH/RBWH)"
"Alpha",381,"Alpha Hospital","Brisbane (PAH/RBWH)"
"Duaringa",376,"Rockhampton Hospital","Brisbane (PAH/RBWH)"
"Willows Gemfields",366,"Emerald Hospital","Brisbane (PAH/RBWH)"
"Mount Larcom",354,"Rockhampton Hospital","Brisbane (PAH/RBWH)"
"Gladstone",227,"Gladstone Hospital","Brisbane (PAH/RBWH)"
"Tannum Sands",227,"Gladstone Hospital","Brisbane (PAH/RBWH)"
"Wurdong Heights",227,"Gladstone Hospital","Brisbane (PAH/RBWH)"
"Calliope",227,"Gladstone Hospital","Brisbane (PAH/RBWH)"
"Benaraby",227,"Gladstone Hospital","Brisbane (PAH/RBWH)"
"Springsure",357,"Springsure Hospital","Brisbane (PAH/RBWH)"
"Woorabinda",333,"Woorabinda Hospital","Brisbane (PAH/RBWH)"
"Seventeen Seventy",292,"Bundaberg Hospital","Brisbane (PAH/RBWH)"
"Baralaba",333,"Baralaba Hospital","Brisbane (PAH/RBWH)"
"Agnes Water",286,"Bundaberg Hospital","Brisbane (PAH/RBWH)"
"Taylors Creek",359,"Woorabinda Hospital","Brisbane (PAH/RBWH)"
"Miriam Vale",260,"Brisbane (PAH/RBWH)","Brisbane (PAH/RBWH)"
"Biloela",272,"Biloela Hospital","Brisbane (PAH/RBWH)"
"Blackall",369,"Blackall Hospital","Brisbane (PAH/RBWH)"
"Thangool",272,"Biloela Hospital","Brisbane (PAH/RBWH)"
"Moura",271,"Moura Hospital","Brisbane (PAH/RBWH)"
"Moore Park",308,"Bundaberg Hospital","Brisbane (PAH/RBWH)"
"Burnett Heads",295,"Bundaberg Hospital","Brisbane (PAH/RBWH)"
"Bargara",294,"Bundaberg Hospital","Brisbane (PAH/RBWH)"
"Gooburrum",286,"Bundaberg Hospital","Brisbane (PAH/RBWH)"
"Sloping Hummock",291,"Bundaberg Hospital","Brisbane (PAH/RBWH)"
"Oakwood",286,"Bundaberg Hospital","Brisbane (PAH/RBWH)"
"Monto",244,"Monto Hospital","Brisbane (PAH/RBWH)"
"Bundaberg",281,"Bundaberg Hospital","Brisbane (PAH/RBWH)"
"Innes Park",296,"Bundaberg Hospital","Brisbane (PAH/RBWH)"
"Tambo",369,"Blackall Hospital","Brisbane (PAH/RBWH)"
"Sharon",297,"Bundaberg Hospital","Brisbane (PAH/RBWH)"
"Elliott Heads",300,"Bundaberg Hospital","Brisbane (PAH/RBWH)"
"Theodore",229,"Theodore Hospital","Brisbane (PAH/RBWH)"
"South Bingera",295,"Bundaberg Hospital","Brisbane (PAH/RBWH)"
"Gin Gin",314,"Bundaberg Hospital","Brisbane (PAH/RBWH)"
"Woodgate",319,"Bundaberg Hospital","Brisbane (PAH/RBWH)"
"Cordalba",341,"Bundaberg Hospital","Brisbane (PAH/RBWH)"
"Mount Perry",244,"Brisbane (PAH/RBWH)","Brisbane (PAH/RBWH)"
"Burrum Heads",222,"Hervey Bay Hospital","Brisbane (PAH/RBWH)"
"Burrum Heads - East",222,"Hervey Bay Hospital","Brisbane (PAH/RBWH)"
"Apple Tree Creek",313,"Bundaberg Hospital","Brisbane (PAH/RBWH)"
"Burrum Heads - South",215,"Hervey Bay Hospital","Brisbane (PAH/RBWH)"
"Childers",315,"Bundaberg Hospital","Brisbane (PAH/RBWH)"
"Toogoom",213,"Hervey Bay Hospital","Brisbane (PAH/RBWH)"
"Pacific Haven",222,"Hervey Bay Hospital","Brisbane (PAH/RBWH)"
"Hervey Bay",201,"Hervey Bay Hospital","Brisbane (PAH/RBWH)"
"Howard",218,"Hervey Bay Hospital","Brisbane (PAH/RBWH)"
"Torbanlea",214,"Hervey Bay Hospital","Brisbane (PAH/RBWH)"
"Walligan",203,"Hervey Bay Hospital","Brisbane (PAH/RBWH)"
"Sunshine Acres",201,"Hervey Bay Hospital","Brisbane (PAH/RBWH)"
"Booral",206,"Hervey Bay Hospital","Brisbane (PAH/RBWH)"
"Eidsvold",215,"Mundubbera Hospital","Brisbane (PAH/RBWH)"
"River Heads",213,"Hervey Bay Hospital","Brisbane (PAH/RBWH)"
"Aldershot",223,"Hervey Bay Hospital","Brisbane (PAH/RBWH)"
"Biggenden",174,"Biggenden Hospital","Brisbane (PAH/RBWH)"
"Oakhurst",228,"Hervey Bay Hospital","Brisbane (PAH/RBWH)"
"Maryborough",215,"Hervey Bay Hospital","Brisbane (PAH/RBWH)"
"Mundubbera",215,"Mundubbera Hospital","Brisbane (PAH/RBWH)"
"Maaroom",243,"Hervey Bay Hospital","Brisbane (PAH/RBWH)"
"Gayndah",224,"Gayndah Hospital","Brisbane (PAH/RBWH)"
"Taroom",261,"Taroom Hospital","Brisbane (PAH/RBWH)"
"Boonooroo - Tuan",253,"Hervey Bay Hospital","Brisbane (PAH/RBWH)"
"Poona",205,"Brisbane (PAH/RBWH)","Brisbane (PAH/RBWH)"
"Tiaro",246,"Hervey Bay Hospital","Brisbane (PAH/RBWH)"
"Augathella",339,"Augathella Hospital","Brisbane (PAH/RBWH)"
"Injune",333,"Injune Hospital","Brisbane (PAH/RBWH)"
"Bauple Forest",274,"Hervey Bay Hospital","Brisbane (PAH/RBWH)"
"Rainbow Beach",159,"Brisbane (PAH/RBWH)","Brisbane (PAH/RBWH)"
"Tin Can Bay",159,"Brisbane (PAH/RBWH)","Brisbane (PAH/RBWH)"
"Glenwood",272,"Hervey Bay Hospital","Brisbane (PAH/RBWH)"
"Cooloola Village",155,"Brisbane (PAH/RBWH)","Brisbane (PAH/RBWH)"
"Curra",208,"Sunshine Coast University Hospital","Brisbane (PAH/RBWH)"
"Kilkivan",164,"Brisbane (PAH/RBWH)","Brisbane (PAH/RBWH)"
"Wandoan",321,"Miles Hospital","Brisbane (PAH/RBWH)"
"Proston",170,"Murgon Hospital","Brisbane (PAH/RBWH)"
"Goomeri",173,"Murgon Hospital","Brisbane (PAH/RBWH)"
"Gympie",160,"Gympie Hospital","Brisbane (PAH/RBWH)"
"The Palms",160,"Gympie Hospital","Brisbane (PAH/RBWH)"
"Nahrunda",160,"Gympie Hospital","Brisbane (PAH/RBWH)"
"Gowrie",325,"Charleville Hospital","Brisbane (PAH/RBWH)"
"Pie Creek",160,"Gympie Hospital","Brisbane (PAH/RBWH)"
"Murgon",170,"Murgon Hospital","Brisbane (PAH/RBWH)"
"Boreen Point",144,"Brisbane (PAH/RBWH)","Brisbane (PAH/RBWH)"
"Cherbourg",170,"Cherbourg Hospital","Brisbane (PAH/RBWH)"
"Wondai",167,"Kingaroy Hospital","Brisbane (PAH/RBWH)"
"Cooran",139,"Brisbane (PAH/RBWH)","Brisbane (PAH/RBWH)"
"Amamoor",145,"Brisbane (PAH/RBWH)","Brisbane (PAH/RBWH)"
"Cooroibah",176,"Sunshine Coast University Hospital","Brisbane (PAH/RBWH)"
"Pomona",171,"Sunshine Coast University Hospital","Brisbane (PAH/RBWH)"
"Forest Acres",136,"Brisbane (PAH/RBWH)","Brisbane (PAH/RBWH)"
"Black Mountain",168,"Sunshine Coast University Hospital","Brisbane (PAH/RBWH)"
"Charleville",309,"Charleville Hospital","Brisbane (PAH/RBWH)"
"Sunshine Beach",170,"Sunshine Coast University Hospital","Brisbane (PAH/RBWH)"
"Cooroy",164,"Sunshine Coast University Hospital","Brisbane (PAH/RBWH)"
"Doonan - Tinbeerwah",165,"Sunshine Coast University Hospital","Brisbane (PAH/RBWH)"
"Weyba Downs",162,"Sunshine Coast University Hospital","Brisbane (PAH/RBWH)"
"Imbil",146,"Brisbane (PAH/RBWH)","Brisbane (PAH/RBWH)"
"Eumundi",160,"Sunshine Coast University Hospital","Brisbane (PAH/RBWH)"
"Mitchell",327,"Mitchell Hospital","Brisbane (PAH/RBWH)"
"Kingaroy",165,"Kingaroy Hospital","Brisbane (PAH/RBWH)"
"Yandina",155,"Sunshine Coast University Hospital","Brisbane (PAH/RBWH)"
"Roma",321,"Roma Hospital","Brisbane (PAH/RBWH)"
"Wallumbilla",386,"Roma Hospital","Brisbane (PAH/RBWH)"
"Kenilworth",139,"Brisbane (PAH/RBWH)","Brisbane (PAH/RBWH)"
"Kureelpa",128,"Brisbane (PAH/RBWH)","Brisbane (PAH/RBWH)"
"Yuleba",398,"Roma Hospital","Brisbane (PAH/RBWH)"
"Quilpie",363,"Quilpie Hospital","Brisbane (PAH/RBWH)"
"Mapleton",131,"Brisbane (PAH/RBWH)","Brisbane (PAH/RBWH)"
"Nambour",153,"Sunshine Coast University Hospital","Brisbane (PAH/RBWH)"
"Kiels Mountain",151,"Sunshine Coast University Hospital","Brisbane (PAH/RBWH)"
"Flaxton",174,"Sunshine Coast University Hospital","Brisbane (PAH/RBWH)"
"Miles",305,"Miles Hospital","Brisbane (PAH/RBWH)"
"Woombye",149,"Sunshine Coast University Hospital","Brisbane (PAH/RBWH)"
"Nanango",155,"Nanango Hospital","Brisbane (PAH/RBWH)"
"Palmwoods",158,"Sunshine Coast University Hospital","Brisbane (PAH/RBWH)"
"Witta",168,"Sunshine Coast University Hospital","Brisbane (PAH/RBWH)"
"Chinchilla",309,"Chinchilla Hospital","Brisbane (PAH/RBWH)"
"Maleny",126,"Brisbane (PAH/RBWH)","Brisbane (PAH/RBWH)"
"Mooloolah",150,"Sunshine Coast University Hospital","Brisbane (PAH/RBWH)"
"Glenview",141,"Sunshine Coast University Hospital","Brisbane (PAH/RBWH)"
"Jandowae",309,"Jandowae Hospital","Brisbane (PAH/RBWH)"
"Landsborough",145,"Sunshine Coast University Hospital","Brisbane (PAH/RBWH)"
"Yarraman",155,"Nanango Hospital","Brisbane (PAH/RBWH)"
"Peachester",126,"Brisbane (PAH/RBWH)","Brisbane (PAH/RBWH)"
"Beerwah",123,"Brisbane (PAH/RBWH)","Brisbane (PAH/RBWH)"
"Blackbutt",156,"Nanango Hospital","Brisbane (PAH/RBWH)"
"Glass House Mountain",68,"Brisbane (PAH/RBWH)","Brisbane (PAH/RBWH)"
"Bell",179,"Dalby Hospital","Brisbane (PAH/RBWH)"
"Beerburrum - North",62,"Brisbane (PAH/RBWH)","Brisbane (PAH/RBWH)"
"Kilcoy",133,"Brisbane (PAH/RBWH)","Brisbane (PAH/RBWH)"
"Woodford",73,"Brisbane (PAH/RBWH)","Brisbane (PAH/RBWH)"
"Beerburrum",64,"Brisbane (PAH/RBWH)","Brisbane (PAH/RBWH)"
"D'Aguilar",68,"Brisbane (PAH/RBWH)","Brisbane (PAH/RBWH)"
"Delaneys Creek",68,"Brisbane (PAH/RBWH)","Brisbane (PAH/RBWH)"
"Donnybrook",67,"Brisbane (PAH/RBWH)","Brisbane (PAH/RBWH)"
"Toorbul",70,"Brisbane (PAH/RBWH)","Brisbane (PAH/RBWH)"
"Wamuran",60,"Brisbane (PAH/RBWH)","Brisbane (PAH/RBWH)"
"Ningi",63,"Brisbane (PAH/RBWH)","Brisbane (PAH/RBWH)"
"Woorim",76,"Brisbane (PAH/RBWH)","Brisbane (PAH/RBWH)"
"Sandstone Point",66,"Brisbane (PAH/RBWH)","Brisbane (PAH/RBWH)"
"Bongaree",73,"Brisbane (PAH/RBWH)","Brisbane (PAH/RBWH)"
"Toogoolawah",135,"Brisbane (PAH/RBWH)","Brisbane (PAH/RBWH)"
"Beachmere",59,"Brisbane (PAH/RBWH)","Brisbane (PAH/RBWH)"
"Surat",345,"Surat Hospital","Brisbane (PAH/RBWH)"
"Dalby",160,"Dalby Hospital","Brisbane (PAH/RBWH)"
"Dayboro",60,"Brisbane (PAH/RBWH)","Brisbane (PAH/RBWH)"
"Esk",139,"Brisbane (PAH/RBWH)","Brisbane (PAH/RBWH)"
"Crows Nest",168,"Toowoomba Hospital","Brisbane (PAH/RBWH)"
"Tara",196,"Tara Hospital","Brisbane (PAH/RBWH)"
"Mount Glorious",66,"Brisbane (PAH/RBWH)","Brisbane (PAH/RBWH)"
"Samford Valley - Highvale",45,"Brisbane (PAH/RBWH)","Brisbane (PAH/RBWH)"
"Samford",40,"Brisbane (PAH/RBWH)","Brisbane (PAH/RBWH)"
"Mount Nebo",67,"Brisbane (PAH/RBWH)","Brisbane (PAH/RBWH)"
"Coominya",128,"Brisbane (PAH/RBWH)","Brisbane (PAH/RBWH)"
"Amity Point",120,"Brisbane (PAH/RBWH)","Brisbane (PAH/RBWH)"
"Meringandan West",154,"Toowoomba Hospital","Brisbane (PAH/RBWH)"
"Meringandan",153,"Toowoomba Hospital","Brisbane (PAH/RBWH)"
"Point Lookout",122,"Brisbane (PAH/RBWH)","Brisbane (PAH/RBWH)"
"Oakey",157,"Toowoomba Hospital","Brisbane (PAH/RBWH)"
"Fernvale",122,"Brisbane (PAH/RBWH)","Brisbane (PAH/RBWH)"
"Lowood",65,"Brisbane (PAH/RBWH)","Brisbane (PAH/RBWH)"
"Murphys Creek",160,"Toowoomba Hospital","Brisbane (PAH/RBWH)"
"Highfields",146,"Toowoomba Hospital","Brisbane (PAH/RBWH)"
"Kingsthorpe",151,"Toowoomba Hospital","Brisbane (PAH/RBWH)"
"Gowrie Junction",145,"Toowoomba Hospital","Brisbane (PAH/RBWH)"
"Lockrose",75,"Brisbane (PAH/RBWH)","Brisbane (PAH/RBWH)"
"Dunwich",116,"Brisbane (PAH/RBWH)","Brisbane (PAH/RBWH)"
"Blue Mountain Heights",142,"Toowoomba Hospital","Brisbane (PAH/RBWH)"
"Gowrie Mountain",146,"Toowoomba Hospital","Brisbane (PAH/RBWH)"
"Brightview",68,"Brisbane (PAH/RBWH)","Brisbane (PAH/RBWH)"
"Cecil Plains",213,"Toowoomba Hospital","Brisbane (PAH/RBWH)"
"Minden Village",64,"Brisbane (PAH/RBWH)","Brisbane (PAH/RBWH)"
"Kensington Grove - Regency Downs",128,"Brisbane (PAH/RBWH)","Brisbane (PAH/RBWH)"
"Glenore Grove",128,"Brisbane (PAH/RBWH)","Brisbane (PAH/RBWH)"
"Helidon",153,"Toowoomba Hospital","Brisbane (PAH/RBWH)"
"Prince Henry Heights",138,"Toowoomba Hospital","Brisbane (PAH/RBWH)"
"Withcott",141,"Toowoomba Hospital","Brisbane (PAH/RBWH)"
"Placid Hills",127,"Brisbane (PAH/RBWH)","Brisbane (PAH/RBWH)"
"Gatton",127,"Brisbane (PAH/RBWH)","Brisbane (PAH/RBWH)"
"Toowoomba",133,"Toowoomba Hospital","Brisbane (PAH/RBWH)"
"Coochiemudlo Island",114,"Brisbane (PAH/RBWH)","Brisbane (PAH/RBWH)"
"Marburg",55,"Brisbane (PAH/RBWH)","Brisbane (PAH/RBWH)"
"Grantham",126,"Brisbane (PAH/RBWH)","Brisbane (PAH/RBWH)"
"Plainland",67,"Brisbane (PAH/RBWH)","Brisbane (PAH/RBWH)"
"Forest Hill",73,"Brisbane (PAH/RBWH)","Brisbane (PAH/RBWH)"
"Macleay Island",116,"Brisbane (PAH/RBWH)","Brisbane (PAH/RBWH)"
"Walloon",55,"Brisbane (PAH/RBWH)","Brisbane (PAH/RBWH)"
"Westbrook",145,"Toowoomba Hospital","Brisbane (PAH/RBWH)"
"Goombungee",173,"Toowoomba Hospital","Brisbane (PAH/RBWH)"
"Lamb Island",118,"Brisbane (PAH/RBWH)","Brisbane (PAH/RBWH)"
"Thagoona",57,"Brisbane (PAH/RBWH)","Brisbane (PAH/RBWH)"
"Laidley",127,"Brisbane (PAH/RBWH)","Brisbane (PAH/RBWH)"
"Rosewood",60,"Brisbane (PAH/RBWH)","Brisbane (PAH/RBWH)"
"Mount Cotton",47,"Brisbane (PAH/RBWH)","Brisbane (PAH/RBWH)"
"Laidley Heights",127,"Brisbane (PAH/RBWH)","Brisbane (PAH/RBWH)"
"Wyreema",152,"Toowoomba Hospital","Brisbane (PAH/RBWH)"
"Ripley",47,"Brisbane (PAH/RBWH)","Brisbane (PAH/RBWH)"
"Southbrook",154,"Toowoomba Hospital","Brisbane (PAH/RBWH)"
"Russell Island",118,"Brisbane (PAH/RBWH)","Brisbane (PAH/RBWH)"
"Deebing Heights",54,"Brisbane (PAH/RBWH)","Brisbane (PAH/RBWH)"
"Cambooya",158,"Toowoomba Hospital","Brisbane (PAH/RBWH)"
"Pittsworth",160,"Toowoomba Hospital","Brisbane (PAH/RBWH)"
"Cabbage Tree Point",46,"Gold Coast University Hospital","Gold Coast University Hospital"
"Logan Village",58,"Brisbane (PAH/RBWH)","Brisbane (PAH/RBWH)"
"Jacobs Well",41,"Gold Coast University Hospital","Gold Coast University Hospital"
"Greenmount",155,"Toowoomba Hospital","Brisbane (PAH/RBWH)"
"Peak Crossing",65,"Brisbane (PAH/RBWH)","Brisbane (PAH/RBWH)"
"Harrisville",75,"Brisbane (PAH/RBWH)","Brisbane (PAH/RBWH)"
"Jimboomba - West",55,"Brisbane (PAH/RBWH)","Brisbane (PAH/RBWH)"
"Jimboomba",53,"Brisbane (PAH/RBWH)","Brisbane (PAH/RBWH)"
"Mundoolun",65,"Brisbane (PAH/RBWH)","Brisbane (PAH/RBWH)"
"Cedar Grove",58,"Brisbane (PAH/RBWH)","Brisbane (PAH/RBWH)"
"Millmerran",160,"Millmerran Hospital","Brisbane (PAH/RBWH)"
"Cedar Vale",58,"Brisbane (PAH/RBWH)","Brisbane (PAH/RBWH)"
"Tamborine",61,"Gold Coast University Hospital","Gold Coast University Hospital"
"Eagle Heights",49,"Gold Coast University Hospital","Gold Coast University Hospital"
"Clifton",164,"Toowoomba Hospital","Brisbane (PAH/RBWH)"
"Maudsland",32,"Gold Coast University Hospital","Gold Coast University Hospital"
"Kalbar",129,"Brisbane (PAH/RBWH)","Brisbane (PAH/RBWH)"
"Gleneagle",66,"Brisbane (PAH/RBWH)","Brisbane (PAH/RBWH)"
"Boyland",55,"Gold Coast University Hospital","Gold Coast University Hospital"
"Mount Tamborine",45,"Gold Coast University Hospital","Gold Coast University Hospital"
"Mount Nathan",41,"Gold Coast University Hospital","Gold Coast University Hospital"
"Aratula",80,"Brisbane (PAH/RBWH)","Brisbane (PAH/RBWH)"
"Beaudesert",75,"Brisbane (PAH/RBWH)","Brisbane (PAH/RBWH)"
"Gold Coast",26,"Gold Coast University Hospital","Gold Coast University Hospital"
"Thargomindah",375,"Thargomindah Hospital","Brisbane (PAH/RBWH)"
"Boonah",129,"Brisbane (PAH/RBWH)","Brisbane (PAH/RBWH)"
"Canungra",48,"Gold Coast University Hospital","Gold Coast University Hospital"
"Allora",173,"Toowoomba Hospital","Brisbane (PAH/RBWH)"
"St George",286,"St George Hospital","Brisbane (PAH/RBWH)"
"Lower Beechmont",45,"Gold Coast University Hospital","Gold Coast University Hospital"
"Cunnamulla",351,"Cunnamulla Hospital","Brisbane (PAH/RBWH)"
"Kooralbyn",135,"Gold Coast University Hospital","Gold Coast University Hospital"
"Beechmont",66,"Gold Coast University Hospital","Gold Coast University Hospital"
"Springbrook",61,"Gold Coast University Hospital","Gold Coast University Hospital"
"Yangan",154,"Warwick Hospital","Brisbane (PAH/RBWH)"
"Rathdowney",137,"Brisbane (PAH/RBWH)","Brisbane (PAH/RBWH)"
"Warwick",149,"Warwick Hospital","Brisbane (PAH/RBWH)"
"Inglewood",183,"Inglewood Hospital","Brisbane (PAH/RBWH)"
"Goondiwindi",216,"Goondiwindi Hospital","Brisbane (PAH/RBWH)"
"Yelarbon",233,"Goondiwindi Hospital","Brisbane (PAH/RBWH)"
"Dirranbandi",345,"Dirranbandi Hospital","Brisbane (PAH/RBWH)"
"Stanthorpe",170,"Stanthorpe Hospital","Brisbane (PAH/RBWH)"
"Johnstone",357,"Dirranbandi Hospital","Brisbane (PAH/RBWH)"
"Smithfield",183,"Cairns Hospital","Townsville University Hospital"
"Texas",195,"Texas Hospital","Brisbane (PAH/RBWH)"
"Wallangarra",213,"Texas Hospital","Brisbane (PAH/RBWH)"
"Birdsville",489,"Birdsville Primary Health Centre","Brisbane (PAH/RBWH)"
"Durham",375,"Thargomindah Primary Health Centre","Brisbane (PAH/RBWH)"
"Hungerford",375,"Thargomindah Primary Health Centre","Brisbane (PAH/RBWH)"
"Brisbane",8,"Brisbane (PAH/RBWH)","Brisbane (PAH/RBWH)"
"RBWH",0,"Brisbane (PAH/RBWH)","Brisbane (PAH/RBWH)"
